resume_index,resume_category,best_matching_job,screening_score,job_similarity,category_confidence,match_quality
0,ACCOUNTANT,DevOps Engineer,0.8007737755775451,0.7140880227088928,0.9308024048805237,Strong
1,ACCOUNTANT,DevOps Engineer,0.7910988330841064,0.6970871686935425,0.9321163296699524,Strong
2,ACCOUNTANT,DevOps Engineer,0.7625548958778381,0.6503904461860657,0.9308015704154968,Strong
3,ACCOUNTANT,Project Manager,0.8275611400604248,0.7578796148300171,0.9320834279060364,Strong
4,ACCOUNTANT,DevOps Engineer,0.7756923079490662,0.6699798703193665,0.9342609643936157,Strong
